{"cameraMode":{"drawMode":0,"name":"Shaded","section":"Shading Mode"},"sceneLighting":false,"audioPlay":false,"sceneViewState":{"showFog":true,"showMaterialUpdate":false,"showSkybox":true,"showFlares":true,"showImageEffects":true,"showParticleSystems":true},"in2DMode":false,"pivot":{"x":16.562950134277345,"y":-3.5428600311279299,"z":11.714580535888672},"rotation":{"x":-0.3823258876800537,"y":-0.5287969708442688,"z":0.28854042291641238,"w":-0.700674831867218},"size":24.904415130615236,"orthographic":false}